run_id,timestamp,binary_mtime,collector,budget,workload,seed,exit_code,status,run_ns,mutator_ns,proc_wall_ns,instructions,bytes_allocated,alloc_count,collections,total_pause_ns,pause_mean_ns,pause_max_ns,pause_p99_ns,peak_watermark,peak_live_bytes,bytes_freed_total,bytes_moved_total,exit_status,reason
baseline_churn_b16384_s1,2026-06-19T02:25:18.582304+00:00,1781835796,baseline,16384,churn,1,0,oom,81000,81000,4102417,5445,16232,90,1,0,0,0,0,16240,0,0,0,2,
baseline_churn_b16384_s7,2026-06-19T02:25:18.651458+00:00,1781835796,baseline,16384,churn,7,0,oom,83000,83000,2981500,5649,16248,102,1,0,0,0,0,16256,0,0,0,2,
baseline_churn_b16384_s13,2026-06-19T02:25:18.715545+00:00,1781835796,baseline,16384,churn,13,0,oom,80000,80000,3709958,5379,16324,86,1,0,0,0,0,16332,0,0,0,2,
baseline_churn_b16384_s42,2026-06-19T02:25:18.778490+00:00,1781835796,baseline,16384,churn,42,0,oom,94000,94000,3944875,5631,16312,102,1,0,0,0,0,16320,0,0,0,2,
baseline_churn_b16384_s101,2026-06-19T02:25:18.840505+00:00,1781835796,baseline,16384,churn,101,0,oom,82000,82000,2789166,5607,16208,99,1,0,0,0,0,16216,0,0,0,2,
baseline_churn_b16384_s271,2026-06-19T02:25:18.906471+00:00,1781835796,baseline,16384,churn,271,0,oom,79000,79000,3976375,5421,16260,89,1,0,0,0,0,16268,0,0,0,2,
baseline_churn_b16384_s1009,2026-06-19T02:25:18.978070+00:00,1781835796,baseline,16384,churn,1009,0,oom,92000,92000,4187334,5553,16260,96,1,0,0,0,0,16268,0,0,0,2,
baseline_churn_b16384_s9973,2026-06-19T02:25:19.048148+00:00,1781835796,baseline,16384,churn,9973,0,oom,88000,88000,4007917,5481,16328,93,1,0,0,0,0,16336,0,0,0,2,
baseline_longlived_b16384_s1,2026-06-19T02:25:19.110980+00:00,1781835796,baseline,16384,longlived,1,0,oom,63000,63000,3975958,3578,16332,184,1,0,0,0,0,16340,0,0,0,2,
baseline_longlived_b16384_s7,2026-06-19T02:25:19.170275+00:00,1781835796,baseline,16384,longlived,7,0,oom,66000,66000,2758792,3903,16212,210,1,0,0,0,0,16220,0,0,0,2,
baseline_longlived_b16384_s13,2026-06-19T02:25:19.232267+00:00,1781835796,baseline,16384,longlived,13,0,oom,59000,59000,2921250,3528,16244,180,1,0,0,0,0,16252,0,0,0,2,
baseline_longlived_b16384_s42,2026-06-19T02:25:19.289689+00:00,1781835796,baseline,16384,longlived,42,0,oom,71000,71000,3746834,3878,16320,208,1,0,0,0,0,16328,0,0,0,2,
baseline_longlived_b16384_s101,2026-06-19T02:25:19.342736+00:00,1781835796,baseline,16384,longlived,101,0,oom,67000,67000,3156333,3803,16312,202,1,0,0,0,0,16320,0,0,0,2,
baseline_longlived_b16384_s271,2026-06-19T02:25:19.405798+00:00,1781835796,baseline,16384,longlived,271,0,oom,65000,65000,3892667,3578,16356,184,1,0,0,0,0,16364,0,0,0,2,
baseline_longlived_b16384_s1009,2026-06-19T02:25:19.460015+00:00,1781835796,baseline,16384,longlived,1009,0,oom,68000,68000,2921084,3753,16256,198,1,0,0,0,0,16264,0,0,0,2,
baseline_longlived_b16384_s9973,2026-06-19T02:25:19.517602+00:00,1781835796,baseline,16384,longlived,9973,0,oom,95000,95000,2762500,3653,16228,190,1,0,0,0,0,16236,0,0,0,2,
baseline_mutate_b16384_s1,2026-06-19T02:25:19.584578+00:00,1781835796,baseline,16384,mutate,1,0,oom,202000,202000,3925625,13941,16264,302,1,0,0,0,0,16272,0,0,0,2,
baseline_mutate_b16384_s7,2026-06-19T02:25:19.657814+00:00,1781835796,baseline,16384,mutate,7,0,oom,223000,223000,3997333,16020,16300,316,1,0,0,0,0,16308,0,0,0,2,
baseline_mutate_b16384_s13,2026-06-19T02:25:19.730925+00:00,1781835796,baseline,16384,mutate,13,0,oom,212000,212000,4258833,15615,16296,311,1,0,0,0,0,16304,0,0,0,2,
baseline_mutate_b16384_s42,2026-06-19T02:25:19.809347+00:00,1781835796,baseline,16384,mutate,42,0,oom,214000,214000,4627458,15540,16156,311,1,0,0,0,0,16164,0,0,0,2,
baseline_mutate_b16384_s101,2026-06-19T02:25:19.884954+00:00,1781835796,baseline,16384,mutate,101,0,oom,390000,390000,3516541,16201,16304,312,1,0,0,0,0,16312,0,0,0,2,
baseline_mutate_b16384_s271,2026-06-19T02:25:19.961559+00:00,1781835796,baseline,16384,mutate,271,0,oom,267000,267000,5313042,18251,16332,321,1,0,0,0,0,16340,0,0,0,2,
baseline_mutate_b16384_s1009,2026-06-19T02:25:20.038763+00:00,1781835796,baseline,16384,mutate,1009,0,oom,207000,207000,4238125,15243,16204,309,1,0,0,0,0,16212,0,0,0,2,
baseline_mutate_b16384_s9973,2026-06-19T02:25:20.115992+00:00,1781835796,baseline,16384,mutate,9973,0,oom,203000,203000,3891166,14807,16356,308,1,0,0,0,0,16364,0,0,0,2,
baseline_density_b16384_s1,2026-06-19T02:25:20.192366+00:00,1781835796,baseline,16384,density,1,0,oom,364000,364000,4244958,29571,16376,80,1,0,0,0,0,16384,0,0,0,2,
baseline_density_b16384_s7,2026-06-19T02:25:20.268469+00:00,1781835796,baseline,16384,density,7,0,oom,349000,349000,3272250,29675,16328,90,1,0,0,0,0,16336,0,0,0,2,
baseline_density_b16384_s13,2026-06-19T02:25:20.343591+00:00,1781835796,baseline,16384,density,13,0,oom,339000,339000,4167667,29172,16200,75,1,0,0,0,0,16208,0,0,0,2,
baseline_density_b16384_s42,2026-06-19T02:25:20.416268+00:00,1781835796,baseline,16384,density,42,0,oom,377000,377000,3998500,29665,16336,89,1,0,0,0,0,16344,0,0,0,2,
baseline_density_b16384_s101,2026-06-19T02:25:20.494192+00:00,1781835796,baseline,16384,density,101,0,oom,339000,339000,3868833,29535,16296,86,1,0,0,0,0,16304,0,0,0,2,
baseline_density_b16384_s271,2026-06-19T02:25:20.567819+00:00,1781835796,baseline,16384,density,271,0,oom,348000,348000,3930292,29183,16192,78,1,0,0,0,0,16200,0,0,0,2,
baseline_density_b16384_s1009,2026-06-19T02:25:20.644208+00:00,1781835796,baseline,16384,density,1009,0,oom,383000,383000,4141666,29691,16352,87,1,0,0,0,0,16360,0,0,0,2,
baseline_density_b16384_s9973,2026-06-19T02:25:20.718922+00:00,1781835796,baseline,16384,density,9973,0,oom,335000,335000,4488208,29550,16364,80,1,0,0,0,0,16372,0,0,0,2,
baseline_churn_b32768_s1,2026-06-19T02:25:20.722152+00:00,1781835796,baseline,32768,churn,1,0,oom,118000,118000,2856041,7329,32760,193,1,0,0,0,0,32768,0,0,0,2,
baseline_churn_b32768_s7,2026-06-19T02:25:20.725093+00:00,1781835796,baseline,32768,churn,7,0,oom,109000,109000,2610292,7791,32592,220,1,0,0,0,0,32600,0,0,0,2,
baseline_churn_b32768_s13,2026-06-19T02:25:20.727789+00:00,1781835796,baseline,32768,churn,13,0,oom,109000,109000,2391709,7479,32760,201,1,0,0,0,0,32768,0,0,0,2,
baseline_churn_b32768_s42,2026-06-19T02:25:20.730447+00:00,1781835796,baseline,32768,churn,42,0,oom,106000,106000,2374583,7677,32564,214,1,0,0,0,0,32572,0,0,0,2,
baseline_churn_b32768_s101,2026-06-19T02:25:20.733350+00:00,1781835796,baseline,32768,churn,101,0,oom,110000,110000,2614125,7647,32632,210,1,0,0,0,0,32640,0,0,0,2,
baseline_churn_b32768_s271,2026-06-19T02:25:20.736160+00:00,1781835796,baseline,32768,churn,271,0,oom,108000,108000,2519209,7389,32656,197,1,0,0,0,0,32664,0,0,0,2,
baseline_churn_b32768_s1009,2026-06-19T02:25:20.738837+00:00,1781835796,baseline,32768,churn,1009,0,oom,107000,107000,2372458,7587,32736,207,1,0,0,0,0,32744,0,0,0,2,
baseline_churn_b32768_s9973,2026-06-19T02:25:20.741500+00:00,1781835796,baseline,32768,churn,9973,0,oom,107000,107000,2398750,7521,32600,205,1,0,0,0,0,32608,0,0,0,2,
baseline_longlived_b32768_s1,2026-06-19T02:25:20.744369+00:00,1781835796,baseline,32768,longlived,1,0,oom,90000,90000,2578375,5903,32720,370,1,0,0,0,0,32728,0,0,0,2,
baseline_longlived_b32768_s7,2026-06-19T02:25:20.747284+00:00,1781835796,baseline,32768,longlived,7,0,oom,117000,117000,2617542,6553,32752,422,1,0,0,0,0,32760,0,0,0,2,
baseline_longlived_b32768_s13,2026-06-19T02:25:20.749982+00:00,1781835796,baseline,32768,longlived,13,0,oom,98000,98000,2390375,6078,32752,384,1,0,0,0,0,32760,0,0,0,2,
baseline_longlived_b32768_s42,2026-06-19T02:25:20.752945+00:00,1781835796,baseline,32768,longlived,42,0,oom,97000,97000,2635167,6353,32680,406,1,0,0,0,0,32688,0,0,0,2,
baseline_longlived_b32768_s101,2026-06-19T02:25:20.755845+00:00,1781835796,baseline,32768,longlived,101,0,oom,112000,112000,2546208,6303,32684,402,1,0,0,0,0,32692,0,0,0,2,
baseline_longlived_b32768_s271,2026-06-19T02:25:20.758726+00:00,1781835796,baseline,32768,longlived,271,0,oom,91000,91000,2584291,6028,32748,380,1,0,0,0,0,32756,0,0,0,2,
baseline_longlived_b32768_s1009,2026-06-19T02:25:20.761388+00:00,1781835796,baseline,32768,longlived,1009,0,oom,96000,96000,2370208,6203,32656,394,1,0,0,0,0,32664,0,0,0,2,
baseline_longlived_b32768_s9973,2026-06-19T02:25:20.764319+00:00,1781835796,baseline,32768,longlived,9973,0,oom,113000,113000,2617375,6178,32532,392,1,0,0,0,0,32540,0,0,0,2,
baseline_mutate_b32768_s1,2026-06-19T02:25:20.767448+00:00,1781835796,baseline,32768,mutate,1,0,oom,341000,341000,2759250,24579,32736,403,1,0,0,0,0,32744,0,0,0,2,
baseline_mutate_b32768_s7,2026-06-19T02:25:20.770715+00:00,1781835796,baseline,32768,mutate,7,0,oom,406000,406000,2882083,29747,32752,441,1,0,0,0,0,32760,0,0,0,2,
baseline_mutate_b32768_s13,2026-06-19T02:25:20.773756+00:00,1781835796,baseline,32768,mutate,13,0,oom,400000,400000,2732125,29115,32668,429,1,0,0,0,0,32676,0,0,0,2,
baseline_mutate_b32768_s42,2026-06-19T02:25:20.776914+00:00,1781835796,baseline,32768,mutate,42,0,oom,392000,392000,2837250,29706,32668,435,1,0,0,0,0,32676,0,0,0,2,
baseline_mutate_b32768_s101,2026-06-19T02:25:20.780232+00:00,1781835796,baseline,32768,mutate,101,0,oom,395000,395000,3009084,30540,32624,429,1,0,0,0,0,32632,0,0,0,2,
baseline_mutate_b32768_s271,2026-06-19T02:25:20.783710+00:00,1781835796,baseline,32768,mutate,271,0,oom,532000,532000,3126000,36930,32756,453,1,0,0,0,0,32764,0,0,0,2,
baseline_mutate_b32768_s1009,2026-06-19T02:25:20.787889+00:00,1781835796,baseline,32768,mutate,1009,0,oom,386000,386000,3830166,28685,32616,424,1,0,0,0,0,32624,0,0,0,2,
baseline_mutate_b32768_s9973,2026-06-19T02:25:20.791473+00:00,1781835796,baseline,32768,mutate,9973,0,oom,359000,359000,3277166,26975,32660,414,1,0,0,0,0,32668,0,0,0,2,
baseline_density_b32768_s1,2026-06-19T02:25:20.795360+00:00,1781835796,baseline,32768,density,1,0,oom,716000,716000,3549666,63706,32576,183,1,0,0,0,0,32584,0,0,0,2,
baseline_density_b32768_s7,2026-06-19T02:25:20.798555+00:00,1781835796,baseline,32768,density,7,0,oom,729000,729000,2918209,64446,32736,207,1,0,0,0,0,32744,0,0,0,2,
baseline_density_b32768_s13,2026-06-19T02:25:20.801896+00:00,1781835796,baseline,32768,density,13,0,oom,726000,726000,3057833,63970,32656,188,1,0,0,0,0,32664,0,0,0,2,
baseline_density_b32768_s42,2026-06-19T02:25:20.805238+00:00,1781835796,baseline,32768,density,42,0,oom,710000,710000,3063458,64276,32692,202,1,0,0,0,0,32700,0,0,0,2,
baseline_density_b32768_s101,2026-06-19T02:25:20.808819+00:00,1781835796,baseline,32768,density,101,0,oom,727000,727000,3263083,64176,32688,198,1,0,0,0,0,32696,0,0,0,2,
baseline_density_b32768_s271,2026-06-19T02:25:20.812239+00:00,1781835796,baseline,32768,density,271,0,oom,701000,701000,3061958,64105,32720,189,1,0,0,0,0,32728,0,0,0,2,
baseline_density_b32768_s1009,2026-06-19T02:25:20.815680+00:00,1781835796,baseline,32768,density,1009,0,oom,689000,689000,3046250,64217,32712,194,1,0,0,0,0,32720,0,0,0,2,
baseline_density_b32768_s9973,2026-06-19T02:25:20.819238+00:00,1781835796,baseline,32768,density,9973,0,oom,728000,728000,3166917,64159,32720,192,1,0,0,0,0,32728,0,0,0,2,
baseline_churn_b65536_s1,2026-06-19T02:25:20.822256+00:00,1781835796,baseline,65536,churn,1,0,oom,165000,165000,2699125,11374,65484,413,1,0,0,0,0,65492,0,0,0,2,
baseline_churn_b65536_s7,2026-06-19T02:25:20.825187+00:00,1781835796,baseline,65536,churn,7,0,oom,176000,176000,2561042,12178,65468,460,1,0,0,0,0,65476,0,0,0,2,
baseline_churn_b65536_s13,2026-06-19T02:25:20.828214+00:00,1781835796,baseline,65536,churn,13,0,oom,178000,178000,2690250,11524,65424,421,1,0,0,0,0,65432,0,0,0,2,
baseline_churn_b65536_s42,2026-06-19T02:25:20.831160+00:00,1781835796,baseline,65536,churn,42,0,oom,169000,169000,2597750,11878,65444,446,1,0,0,0,0,65452,0,0,0,2,
baseline_churn_b65536_s101,2026-06-19T02:25:20.834028+00:00,1781835796,baseline,65536,churn,101,0,oom,165000,165000,2549375,11944,65356,444,1,0,0,0,0,65364,0,0,0,2,
baseline_churn_b65536_s271,2026-06-19T02:25:20.837039+00:00,1781835796,baseline,65536,churn,271,0,oom,159000,159000,2624250,11512,65336,423,1,0,0,0,0,65344,0,0,0,2,
baseline_churn_b65536_s1009,2026-06-19T02:25:20.839952+00:00,1781835796,baseline,65536,churn,1009,0,oom,165000,165000,2520084,11794,65440,437,1,0,0,0,0,65448,0,0,0,2,
baseline_churn_b65536_s9973,2026-06-19T02:25:20.842918+00:00,1781835796,baseline,65536,churn,9973,0,oom,166000,166000,2649250,11614,65372,430,1,0,0,0,0,65380,0,0,0,2,
baseline_longlived_b65536_s1,2026-06-19T02:25:20.845971+00:00,1781835796,baseline,65536,longlived,1,0,oom,139000,139000,2532458,9661,65488,653,1,0,0,0,0,65496,0,0,0,2,
baseline_longlived_b65536_s7,2026-06-19T02:25:20.849081+00:00,1781835796,baseline,65536,longlived,7,0,oom,153000,153000,2750792,10277,65448,697,1,0,0,0,0,65456,0,0,0,2,
baseline_longlived_b65536_s13,2026-06-19T02:25:20.851967+00:00,1781835796,baseline,65536,longlived,13,0,oom,145000,145000,2538292,9787,65340,662,1,0,0,0,0,65348,0,0,0,2,
baseline_longlived_b65536_s42,2026-06-19T02:25:20.854742+00:00,1781835796,baseline,65536,longlived,42,0,oom,142000,142000,2435166,10123,65424,686,1,0,0,0,0,65432,0,0,0,2,
baseline_longlived_b65536_s101,2026-06-19T02:25:20.858176+00:00,1781835796,baseline,65536,longlived,101,0,oom,444000,444000,3047916,10095,65484,684,1,0,0,0,0,65492,0,0,0,2,
baseline_longlived_b65536_s271,2026-06-19T02:25:20.861181+00:00,1781835796,baseline,65536,longlived,271,0,oom,144000,144000,2680541,9843,65500,666,1,0,0,0,0,65508,0,0,0,2,
baseline_longlived_b65536_s1009,2026-06-19T02:25:20.864391+00:00,1781835796,baseline,65536,longlived,1009,0,oom,197000,197000,2811375,10039,65492,680,1,0,0,0,0,65500,0,0,0,2,
baseline_longlived_b65536_s9973,2026-06-19T02:25:20.867238+00:00,1781835796,baseline,65536,longlived,9973,0,oom,150000,150000,2508083,9885,65408,669,1,0,0,0,0,65416,0,0,0,2,
baseline_mutate_b65536_s1,2026-06-19T02:25:20.870684+00:00,1781835796,baseline,65536,mutate,1,0,oom,623000,623000,3145750,45740,65436,606,1,0,0,0,0,65444,0,0,0,2,
baseline_mutate_b65536_s7,2026-06-19T02:25:20.874603+00:00,1781835796,baseline,65536,mutate,7,0,oom,771000,771000,3551000,57548,65368,693,1,0,0,0,0,65376,0,0,0,2,
baseline_mutate_b65536_s13,2026-06-19T02:25:20.878551+00:00,1781835796,baseline,65536,mutate,13,0,oom,776000,776000,3539041,56554,65504,664,1,0,0,0,0,65512,0,0,0,2,
baseline_mutate_b65536_s42,2026-06-19T02:25:20.882108+00:00,1781835796,baseline,65536,mutate,42,0,oom,766000,766000,3228292,57891,65464,681,1,0,0,0,0,65472,0,0,0,2,
baseline_mutate_b65536_s101,2026-06-19T02:25:20.885699+00:00,1781835796,baseline,65536,mutate,101,0,oom,793000,793000,3243792,58854,65500,664,1,0,0,0,0,65508,0,0,0,2,
baseline_mutate_b65536_s271,2026-06-19T02:25:20.889607+00:00,1781835796,baseline,65536,mutate,271,0,oom,977000,977000,3536959,72990,65320,717,1,0,0,0,0,65328,0,0,0,2,
baseline_mutate_b65536_s1009,2026-06-19T02:25:20.893377+00:00,1781835796,baseline,65536,mutate,1009,0,oom,764000,764000,3418292,55794,65508,654,1,0,0,0,0,65516,0,0,0,2,
baseline_mutate_b65536_s9973,2026-06-19T02:25:20.896655+00:00,1781835796,baseline,65536,mutate,9973,0,oom,660000,660000,2934250,50629,65388,630,1,0,0,0,0,65396,0,0,0,2,
baseline_density_b65536_s1,2026-06-19T02:25:20.901207+00:00,1781835796,baseline,65536,density,1,0,oom,1507000,1506000,4205417,132883,65372,398,1,1000,1000,1000,1000,65380,0,0,0,2,
baseline_density_b65536_s7,2026-06-19T02:25:20.906236+00:00,1781835796,baseline,65536,density,7,0,oom,1479000,1479000,4636875,133610,65336,444,1,0,0,0,0,65344,0,0,0,2,
baseline_density_b65536_s13,2026-06-19T02:25:20.910605+00:00,1781835796,baseline,65536,density,13,0,oom,1477000,1477000,4058750,133269,65432,410,1,0,0,0,0,65440,0,0,0,2,
baseline_density_b65536_s42,2026-06-19T02:25:20.914730+00:00,1781835796,baseline,65536,density,42,0,oom,1553000,1553000,3813875,133722,65468,433,1,0,0,0,0,65476,0,0,0,2,
baseline_density_b65536_s101,2026-06-19T02:25:20.919305+00:00,1781835796,baseline,65536,density,101,0,oom,1510000,1510000,4188792,133612,65460,431,1,0,0,0,0,65468,0,0,0,2,
baseline_density_b65536_s271,2026-06-19T02:25:20.924031+00:00,1781835796,baseline,65536,density,271,0,oom,1479000,1479000,4377833,133449,65512,413,1,0,0,0,0,65520,0,0,0,2,
baseline_density_b65536_s1009,2026-06-19T02:25:20.928484+00:00,1781835796,baseline,65536,density,1009,0,oom,1549000,1549000,4143291,133649,65456,427,1,0,0,0,0,65464,0,0,0,2,
baseline_density_b65536_s9973,2026-06-19T02:25:20.933015+00:00,1781835796,baseline,65536,density,9973,0,oom,1481000,1481000,4211292,133476,65520,416,1,0,0,0,0,65528,0,0,0,2,
baseline_churn_b131072_s1,2026-06-19T02:25:20.937476+00:00,1781835796,baseline,131072,churn,1,0,oom,287000,287000,4106291,19308,130956,845,1,0,0,0,0,130964,0,0,0,2,
baseline_churn_b131072_s7,2026-06-19T02:25:20.940836+00:00,1781835796,baseline,131072,churn,7,0,oom,280000,280000,3072333,20934,130972,939,1,0,0,0,0,130980,0,0,0,2,
baseline_churn_b131072_s13,2026-06-19T02:25:20.944294+00:00,1781835796,baseline,131072,churn,13,0,oom,279000,279000,3124000,19758,130868,870,1,0,0,0,0,130876,0,0,0,2,
baseline_churn_b131072_s42,2026-06-19T02:25:20.947790+00:00,1781835796,baseline,131072,churn,42,0,oom,292000,292000,3095125,20274,130924,909,1,0,0,0,0,130932,0,0,0,2,
baseline_churn_b131072_s101,2026-06-19T02:25:20.951606+00:00,1781835796,baseline,131072,churn,101,0,oom,294000,294000,3515916,20520,131016,911,1,0,0,0,0,131024,0,0,0,2,
baseline_churn_b131072_s271,2026-06-19T02:25:20.954848+00:00,1781835796,baseline,131072,churn,271,0,oom,307000,307000,2961667,19734,131064,874,1,0,0,0,0,131072,0,0,0,2,
baseline_churn_b131072_s1009,2026-06-19T02:25:20.957875+00:00,1781835796,baseline,131072,churn,1009,0,oom,302000,302000,2756250,20166,130900,894,1,0,0,0,0,130908,0,0,0,2,
baseline_churn_b131072_s9973,2026-06-19T02:25:20.960919+00:00,1781835796,baseline,131072,churn,9973,0,oom,279000,279000,2749083,19962,131008,888,1,0,0,0,0,131016,0,0,0,2,
baseline_longlived_b131072_s1,2026-06-19T02:25:20.963942+00:00,1781835796,baseline,131072,longlived,1,0,oom,240000,240000,2741584,15753,131020,1088,1,0,0,0,0,131028,0,0,0,2,
baseline_longlived_b131072_s7,2026-06-19T02:25:20.967748+00:00,1781835796,baseline,131072,longlived,7,0,oom,237000,237000,3433875,17013,131000,1178,1,0,0,0,0,131008,0,0,0,2,
baseline_longlived_b131072_s13,2026-06-19T02:25:20.971041+00:00,1781835796,baseline,131072,longlived,13,0,oom,233000,232000,2972750,16033,130944,1108,1,1000,1000,1000,1000,130952,0,0,0,2,
baseline_longlived_b131072_s42,2026-06-19T02:25:20.975315+00:00,1781835796,baseline,131072,longlived,42,0,oom,320000,320000,3852792,16607,130972,1149,1,0,0,0,0,130980,0,0,0,2,
baseline_longlived_b131072_s101,2026-06-19T02:25:20.978715+00:00,1781835796,baseline,131072,longlived,101,0,oom,237000,237000,3082042,16677,131032,1154,1,0,0,0,0,131040,0,0,0,2,
baseline_longlived_b131072_s271,2026-06-19T02:25:20.981864+00:00,1781835796,baseline,131072,longlived,271,0,oom,224000,224000,2828042,16103,130884,1113,1,0,0,0,0,130892,0,0,0,2,
baseline_longlived_b131072_s1009,2026-06-19T02:25:20.985531+00:00,1781835796,baseline,131072,longlived,1009,0,oom,238000,237000,3278750,16425,130832,1136,1,1000,1000,1000,1000,130840,0,0,0,2,
baseline_longlived_b131072_s9973,2026-06-19T02:25:20.990127+00:00,1781835796,baseline,131072,longlived,9973,0,oom,271000,271000,4262583,16285,131056,1126,1,0,0,0,0,131064,0,0,0,2,
baseline_mutate_b131072_s1,2026-06-19T02:25:20.994440+00:00,1781835796,baseline,131072,mutate,1,0,oom,1168000,1168000,3871500,86967,130976,1008,1,0,0,0,0,130984,0,0,0,2,
baseline_mutate_b131072_s7,2026-06-19T02:25:20.999069+00:00,1781835796,baseline,131072,mutate,7,0,oom,1588000,1588000,4274875,112342,130956,1194,1,0,0,0,0,130964,0,0,0,2,
baseline_mutate_b131072_s13,2026-06-19T02:25:21.003379+00:00,1781835796,baseline,131072,mutate,13,0,oom,1474000,1474000,4013209,111240,131032,1137,1,0,0,0,0,131040,0,0,0,2,
baseline_mutate_b131072_s42,2026-06-19T02:25:21.008014+00:00,1781835796,baseline,131072,mutate,42,0,oom,1585000,1585000,4335041,114011,130960,1173,1,0,0,0,0,130968,0,0,0,2,
baseline_mutate_b131072_s101,2026-06-19T02:25:21.012506+00:00,1781835796,baseline,131072,mutate,101,0,oom,1538000,1538000,4159750,115661,130940,1132,1,0,0,0,0,130948,0,0,0,2,
baseline_mutate_b131072_s271,2026-06-19T02:25:21.017482+00:00,1781835796,baseline,131072,mutate,271,0,oom,1944000,1944000,4590875,147430,131020,1247,1,0,0,0,0,131028,0,0,0,2,
baseline_mutate_b131072_s1009,2026-06-19T02:25:21.022613+00:00,1781835796,baseline,131072,mutate,1009,0,oom,1542000,1542000,4803375,107673,130932,1106,1,0,0,0,0,130940,0,0,0,2,
baseline_mutate_b131072_s9973,2026-06-19T02:25:21.028784+00:00,1781835796,baseline,131072,mutate,9973,0,oom,2021000,2021000,5153666,98527,131012,1061,1,0,0,0,0,131020,0,0,0,2,
baseline_density_b131072_s1,2026-06-19T02:25:21.037473+00:00,1781835796,baseline,131072,density,1,0,oom,3038000,3038000,7157625,271513,131040,835,1,0,0,0,0,131048,0,0,0,2,
baseline_density_b131072_s7,2026-06-19T02:25:21.044273+00:00,1781835796,baseline,131072,density,7,0,oom,3061000,3061000,6472875,272905,130964,924,1,0,0,0,0,130972,0,0,0,2,
baseline_density_b131072_s13,2026-06-19T02:25:21.051480+00:00,1781835796,baseline,131072,density,13,0,oom,3048000,3048000,6765167,271980,131032,856,1,0,0,0,0,131040,0,0,0,2,
baseline_density_b131072_s42,2026-06-19T02:25:21.057877+00:00,1781835796,baseline,131072,density,42,0,oom,3050000,3050000,6005708,272503,130968,896,1,0,0,0,0,130976,0,0,0,2,
baseline_density_b131072_s101,2026-06-19T02:25:21.063973+00:00,1781835796,baseline,131072,density,101,0,oom,3054000,3054000,5733167,272416,130944,901,1,0,0,0,0,130952,0,0,0,2,
baseline_density_b131072_s271,2026-06-19T02:25:21.070235+00:00,1781835796,baseline,131072,density,271,0,oom,3030000,3030000,5910333,271672,130896,859,1,0,0,0,0,130904,0,0,0,2,
baseline_density_b131072_s1009,2026-06-19T02:25:21.077017+00:00,1781835796,baseline,131072,density,1009,0,oom,3401000,3401000,6352250,272215,130872,884,1,0,0,0,0,130880,0,0,0,2,
baseline_density_b131072_s9973,2026-06-19T02:25:21.082997+00:00,1781835796,baseline,131072,density,9973,0,oom,3015000,3015000,5632542,271816,130888,872,1,0,0,0,0,130896,0,0,0,2,
baseline_churn_b262144_s1,2026-06-19T02:25:21.086527+00:00,1781835796,baseline,262144,churn,1,0,oom,503000,503000,3132708,35067,262012,1704,1,0,0,0,0,262020,0,0,0,2,
baseline_churn_b262144_s7,2026-06-19T02:25:21.090138+00:00,1781835796,baseline,262144,churn,7,0,oom,543000,543000,3295834,38560,262112,1904,1,0,0,0,0,262120,0,0,0,2,
baseline_churn_b262144_s13,2026-06-19T02:25:21.093361+00:00,1781835796,baseline,262144,churn,13,0,oom,541000,541000,2939875,36171,261984,1766,1,0,0,0,0,261992,0,0,0,2,
baseline_churn_b262144_s42,2026-06-19T02:25:21.096732+00:00,1781835796,baseline,262144,churn,42,0,oom,508000,508000,3082708,36994,261988,1830,1,0,0,0,0,261996,0,0,0,2,
baseline_churn_b262144_s101,2026-06-19T02:25:21.100045+00:00,1781835796,baseline,262144,churn,101,0,oom,536000,536000,2964666,37786,262020,1852,1,0,0,0,0,262028,0,0,0,2,
baseline_churn_b262144_s271,2026-06-19T02:25:21.103179+00:00,1781835796,baseline,262144,churn,271,0,oom,489000,489000,2878875,36009,262116,1766,1,0,0,0,0,262124,0,0,0,2,
baseline_churn_b262144_s1009,2026-06-19T02:25:21.106424+00:00,1781835796,baseline,262144,churn,1009,0,oom,511000,511000,2991750,36904,262044,1808,1,0,0,0,0,262052,0,0,0,2,
baseline_churn_b262144_s9973,2026-06-19T02:25:21.110013+00:00,1781835796,baseline,262144,churn,9973,0,oom,517000,517000,3289417,36526,262088,1797,1,0,0,0,0,262096,0,0,0,2,
baseline_longlived_b262144_s1,2026-06-19T02:25:21.113649+00:00,1781835796,baseline,262144,longlived,1,0,oom,365000,365000,3172666,27768,261932,1946,1,0,0,0,0,261940,0,0,0,2,
baseline_longlived_b262144_s7,2026-06-19T02:25:21.117047+00:00,1781835796,baseline,262144,longlived,7,0,oom,411000,411000,3097875,30527,262076,2143,1,0,0,0,0,262084,0,0,0,2,
baseline_longlived_b262144_s13,2026-06-19T02:25:21.120260+00:00,1781835796,baseline,262144,longlived,13,0,oom,382000,382000,2914958,28608,262104,2006,1,0,0,0,0,262112,0,0,0,2,
baseline_longlived_b262144_s42,2026-06-19T02:25:21.123293+00:00,1781835796,baseline,262144,longlived,42,0,oom,380000,380000,2781250,29519,262068,2071,1,0,0,0,0,262076,0,0,0,2,
baseline_longlived_b262144_s101,2026-06-19T02:25:21.126625+00:00,1781835796,baseline,262144,longlived,101,0,oom,400000,400000,3013250,29869,262112,2096,1,0,0,0,0,262120,0,0,0,2,
baseline_longlived_b262144_s271,2026-06-19T02:25:21.130290+00:00,1781835796,baseline,262144,longlived,271,0,oom,400000,400000,3223667,28566,262036,2003,1,0,0,0,0,262044,0,0,0,2,
baseline_longlived_b262144_s1009,2026-06-19T02:25:21.133556+00:00,1781835796,baseline,262144,longlived,1009,0,oom,385000,385000,2909292,29225,262124,2050,1,0,0,0,0,262132,0,0,0,2,
baseline_longlived_b262144_s9973,2026-06-19T02:25:21.136719+00:00,1781835796,baseline,262144,longlived,9973,0,oom,379000,379000,2835458,29028,262116,2036,1,0,0,0,0,262124,0,0,0,2,
baseline_mutate_b262144_s1,2026-06-19T02:25:21.141635+00:00,1781835796,baseline,262144,mutate,1,0,oom,2168000,2168000,4658292,170787,262060,1811,1,0,0,0,0,262068,0,0,0,2,
baseline_mutate_b262144_s7,2026-06-19T02:25:21.147471+00:00,1781835796,baseline,262144,mutate,7,0,oom,2860000,2860000,5537584,222384,262104,2201,1,0,0,0,0,262112,0,0,0,2,
baseline_mutate_b262144_s13,2026-06-19T02:25:21.153490+00:00,1781835796,baseline,262144,mutate,13,0,oom,2904000,2904000,5636000,221741,262116,2088,1,0,0,0,0,262124,0,0,0,2,
baseline_mutate_b262144_s42,2026-06-19T02:25:21.159504+00:00,1781835796,baseline,262144,mutate,42,0,oom,2935000,2935000,5699000,226776,262128,2157,1,0,0,0,0,262136,0,0,0,2,
baseline_mutate_b262144_s101,2026-06-19T02:25:21.165620+00:00,1781835796,baseline,262144,mutate,101,0,oom,3069000,3069000,5815333,229284,262016,2069,1,0,0,0,0,262024,0,0,0,2,
baseline_mutate_b262144_s271,2026-06-19T02:25:21.172337+00:00,1781835796,baseline,262144,mutate,271,0,oom,3874000,3874000,6336084,294533,262036,2309,1,0,0,0,0,262044,0,0,0,2,
baseline_mutate_b262144_s1009,2026-06-19T02:25:21.179821+00:00,1781835796,baseline,262144,mutate,1009,0,oom,3864000,3864000,7024625,213320,262000,2018,1,0,0,0,0,262008,0,0,0,2,
baseline_mutate_b262144_s9973,2026-06-19T02:25:21.186479+00:00,1781835796,baseline,262144,mutate,9973,0,oom,2841000,2841000,5948875,194881,262080,1926,1,0,0,0,0,262088,0,0,0,2,
baseline_density_b262144_s1,2026-06-19T02:25:21.195800+00:00,1781835796,baseline,262144,density,1,0,oom,5966000,5966000,8960208,548013,262124,1693,1,0,0,0,0,262132,0,0,0,2,
baseline_density_b262144_s7,2026-06-19T02:25:21.204803+00:00,1781835796,baseline,262144,density,7,0,oom,5942000,5942000,8694459,551429,262124,1891,1,0,0,0,0,262132,0,0,0,2,
baseline_density_b262144_s13,2026-06-19T02:25:21.213820+00:00,1781835796,baseline,262144,density,13,0,oom,5978000,5978000,8677500,549095,262044,1753,1,0,0,0,0,262052,0,0,0,2,
baseline_density_b262144_s42,2026-06-19T02:25:21.222832+00:00,1781835796,baseline,262144,density,42,0,oom,6140000,6140000,8717666,550296,262136,1816,1,0,0,0,0,262144,0,0,0,2,
baseline_density_b262144_s101,2026-06-19T02:25:21.231920+00:00,1781835796,baseline,262144,density,101,0,oom,6176000,6176000,8755292,550265,262040,1841,1,0,0,0,0,262048,0,0,0,2,
baseline_density_b262144_s271,2026-06-19T02:25:21.241694+00:00,1781835796,baseline,262144,density,271,0,oom,6622000,6622000,9368500,549044,262104,1751,1,0,0,0,0,262112,0,0,0,2,
baseline_density_b262144_s1009,2026-06-19T02:25:21.251513+00:00,1781835796,baseline,262144,density,1009,0,oom,6153000,6153000,9195542,549738,261956,1793,1,0,0,0,0,261964,0,0,0,2,
baseline_density_b262144_s9973,2026-06-19T02:25:21.260628+00:00,1781835796,baseline,262144,density,9973,0,oom,5992000,5992000,8709125,549138,261944,1783,1,0,0,0,0,261952,0,0,0,2,
baseline_churn_b524288_s1,2026-06-19T02:25:21.264608+00:00,1781835796,baseline,524288,churn,1,0,oom,1005000,1005000,3607375,66718,524264,3428,1,0,0,0,0,524272,0,0,0,2,
baseline_churn_b524288_s7,2026-06-19T02:25:21.268515+00:00,1781835796,baseline,524288,churn,7,0,oom,1079000,1079000,3531208,73469,524112,3816,1,0,0,0,0,524120,0,0,0,2,
baseline_churn_b524288_s13,2026-06-19T02:25:21.272690+00:00,1781835796,baseline,524288,churn,13,0,oom,991000,991000,3843583,68950,524208,3554,1,0,0,0,0,524216,0,0,0,2,
baseline_churn_b524288_s42,2026-06-19T02:25:21.276459+00:00,1781835796,baseline,524288,churn,42,0,oom,978000,978000,3426000,70517,524172,3678,1,0,0,0,0,524180,0,0,0,2,
baseline_churn_b524288_s101,2026-06-19T02:25:21.280474+00:00,1781835796,baseline,524288,churn,101,0,oom,1081000,1081000,3695542,72101,524092,3721,1,0,0,0,0,524100,0,0,0,2,
baseline_churn_b524288_s271,2026-06-19T02:25:21.284161+00:00,1781835796,baseline,524288,churn,271,0,oom,936000,936000,3326875,68620,524192,3554,1,0,0,0,0,524200,0,0,0,2,
baseline_churn_b524288_s1009,2026-06-19T02:25:21.288312+00:00,1781835796,baseline,524288,churn,1009,0,oom,1053000,1053000,3753250,70427,524080,3639,1,0,0,0,0,524088,0,0,0,2,
baseline_churn_b524288_s9973,2026-06-19T02:25:21.292621+00:00,1781835796,baseline,524288,churn,9973,0,oom,947000,947000,3527500,69599,524104,3613,1,0,0,0,0,524112,0,0,0,2,
baseline_longlived_b524288_s1,2026-06-19T02:25:21.295796+00:00,1781835796,baseline,524288,longlived,1,0,oom,654000,654000,2861083,51925,524168,3671,1,0,0,0,0,524176,0,0,0,2,
baseline_longlived_b524288_s7,2026-06-19T02:25:21.299633+00:00,1781835796,baseline,524288,longlived,7,0,oom,745000,745000,3465792,57372,524168,4060,1,0,0,0,0,524176,0,0,0,2,
baseline_longlived_b524288_s13,2026-06-19T02:25:21.303296+00:00,1781835796,baseline,524288,longlived,13,0,oom,695000,695000,3308167,53633,524020,3793,1,0,0,0,0,524028,0,0,0,2,
baseline_longlived_b524288_s42,2026-06-19T02:25:21.306870+00:00,1781835796,baseline,524288,longlived,42,0,oom,732000,732000,3240959,55370,524180,3917,1,0,0,0,0,524188,0,0,0,2,
baseline_longlived_b524288_s101,2026-06-19T02:25:21.310275+00:00,1781835796,baseline,524288,longlived,101,0,oom,718000,718000,3117000,56042,524232,3965,1,0,0,0,0,524240,0,0,0,2,
baseline_longlived_b524288_s271,2026-06-19T02:25:21.313603+00:00,1781835796,baseline,524288,longlived,271,0,oom,683000,683000,2993000,53619,524192,3792,1,0,0,0,0,524200,0,0,0,2,
baseline_longlived_b524288_s1009,2026-06-19T02:25:21.317222+00:00,1781835796,baseline,524288,longlived,1009,0,oom,688000,688000,3272208,54852,524216,3880,1,0,0,0,0,524224,0,0,0,2,
baseline_longlived_b524288_s9973,2026-06-19T02:25:21.321702+00:00,1781835796,baseline,524288,longlived,9973,0,oom,714000,714000,4006583,54516,524276,3856,1,0,0,0,0,524284,0,0,0,2,
baseline_mutate_b524288_s1,2026-06-19T02:25:21.329094+00:00,1781835796,baseline,524288,mutate,1,0,oom,4296000,4296000,7093417,337567,524236,3423,1,0,0,0,0,524244,0,0,0,2,
baseline_mutate_b524288_s7,2026-06-19T02:25:21.338145+00:00,1781835796,baseline,524288,mutate,7,0,oom,5700000,5700000,8777041,442414,524168,4210,1,0,0,0,0,524176,0,0,0,2,
baseline_mutate_b524288_s13,2026-06-19T02:25:21.347434+00:00,1781835796,baseline,524288,mutate,13,0,oom,5667000,5667000,8954084,441182,524096,3982,1,0,0,0,0,524104,0,0,0,2,
baseline_mutate_b524288_s42,2026-06-19T02:25:21.356508+00:00,1781835796,baseline,524288,mutate,42,0,oom,5938000,5938000,8593666,451431,524192,4125,1,0,0,0,0,524200,0,0,0,2,
baseline_mutate_b524288_s101,2026-06-19T02:25:21.365508+00:00,1781835796,baseline,524288,mutate,101,0,oom,6069000,6069000,8672666,457521,524272,3949,1,0,0,0,0,524280,0,0,0,2,
baseline_mutate_b524288_s271,2026-06-19T02:25:21.375978+00:00,1781835796,baseline,524288,mutate,271,0,oom,7614000,7614000,10124458,589557,524060,4430,1,0,0,0,0,524068,0,0,0,2,
baseline_mutate_b524288_s1009,2026-06-19T02:25:21.384454+00:00,1781835796,baseline,524288,mutate,1009,0,oom,5601000,5601000,8140125,424889,524216,3842,1,0,0,0,0,524224,0,0,0,2,
baseline_mutate_b524288_s9973,2026-06-19T02:25:21.392712+00:00,1781835796,baseline,524288,mutate,9973,0,oom,5143000,5142000,7829709,386107,524244,3651,1,1000,1000,1000,1000,524252,0,0,0,2,
baseline_density_b524288_s1,2026-06-19T02:25:21.408103+00:00,1781835796,baseline,524288,density,1,0,oom,12102000,12102000,14983583,1101018,524212,3419,1,0,0,0,0,524220,0,0,0,2,
baseline_density_b524288_s7,2026-06-19T02:25:21.424607+00:00,1781835796,baseline,524288,density,7,0,oom,12140000,12140000,16108959,1107398,524072,3807,1,0,0,0,0,524080,0,0,0,2,
baseline_density_b524288_s13,2026-06-19T02:25:21.440773+00:00,1781835796,baseline,524288,density,13,0,oom,12417000,12417000,15727125,1103665,524276,3541,1,0,0,0,0,524284,0,0,0,2,
baseline_density_b524288_s42,2026-06-19T02:25:21.456439+00:00,1781835796,baseline,524288,density,42,0,oom,12331000,12331000,15246875,1105319,524116,3664,1,0,0,0,0,524124,0,0,0,2,
baseline_density_b524288_s101,2026-06-19T02:25:21.471941+00:00,1781835796,baseline,524288,density,101,0,oom,12172000,12172000,15113792,1105689,524156,3712,1,0,0,0,0,524164,0,0,0,2,
baseline_density_b524288_s271,2026-06-19T02:25:21.487136+00:00,1781835796,baseline,524288,density,271,0,oom,11883000,11883000,14810458,1103328,524256,3540,1,0,0,0,0,524264,0,0,0,2,
baseline_density_b524288_s1009,2026-06-19T02:25:21.503033+00:00,1781835796,baseline,524288,density,1009,0,oom,11900000,11900000,15494209,1105036,524092,3627,1,0,0,0,0,524100,0,0,0,2,
baseline_density_b524288_s9973,2026-06-19T02:25:21.518165+00:00,1781835796,baseline,524288,density,9973,0,oom,11874000,11874000,14721750,1104056,524224,3603,1,0,0,0,0,524232,0,0,0,2,
baseline_churn_b1048576_s1,2026-06-19T02:25:21.523265+00:00,1781835796,baseline,1048576,churn,1,0,oom,1809000,1809000,4646875,129911,1048460,6871,1,0,0,0,0,1048468,0,0,0,2,
baseline_churn_b1048576_s7,2026-06-19T02:25:21.528305+00:00,1781835796,baseline,1048576,churn,7,0,oom,1973000,1973000,4689083,143612,1048492,7657,1,0,0,0,0,1048500,0,0,0,2,
baseline_churn_b1048576_s13,2026-06-19T02:25:21.532983+00:00,1781835796,baseline,1048576,churn,13,0,oom,1791000,1791000,4339500,134454,1048488,7127,1,0,0,0,0,1048496,0,0,0,2,
baseline_churn_b1048576_s42,2026-06-19T02:25:21.537851+00:00,1781835796,baseline,1048576,churn,42,0,oom,1863000,1863000,4563542,137479,1048484,7368,1,0,0,0,0,1048492,0,0,0,2,
baseline_churn_b1048576_s101,2026-06-19T02:25:21.542601+00:00,1781835796,baseline,1048576,churn,101,0,oom,1925000,1925000,4411000,140996,1048472,7475,1,0,0,0,0,1048480,0,0,0,2,
baseline_churn_b1048576_s271,2026-06-19T02:25:21.547325+00:00,1781835796,baseline,1048576,churn,271,0,oom,1794000,1794000,4368917,133824,1048544,7129,1,0,0,0,0,1048552,0,0,0,2,
baseline_churn_b1048576_s1009,2026-06-19T02:25:21.552727+00:00,1781835796,baseline,1048576,churn,1009,0,oom,1900000,1900000,5032625,137341,1048500,7294,1,0,0,0,0,1048508,0,0,0,2,
baseline_churn_b1048576_s9973,2026-06-19T02:25:21.558192+00:00,1781835796,baseline,1048576,churn,9973,0,oom,1904000,1904000,5119417,135751,1048532,7245,1,0,0,0,0,1048540,0,0,0,2,
baseline_longlived_b1048576_s1,2026-06-19T02:25:21.562836+00:00,1781835796,baseline,1048576,longlived,1,0,oom,1281000,1281000,4346458,100112,1048468,7112,1,0,0,0,0,1048476,0,0,0,2,
baseline_longlived_b1048576_s7,2026-06-19T02:25:21.566978+00:00,1781835796,baseline,1048576,longlived,7,0,oom,1363000,1363000,3885084,111147,1048328,7900,1,0,0,0,0,1048336,0,0,0,2,
baseline_longlived_b1048576_s13,2026-06-19T02:25:21.571183+00:00,1781835796,baseline,1048576,longlived,13,0,oom,1287000,1287000,3958459,103711,1048532,7369,1,0,0,0,0,1048540,0,0,0,2,
baseline_longlived_b1048576_s42,2026-06-19T02:25:21.575196+00:00,1781835796,baseline,1048576,longlived,42,0,oom,1360000,1360000,3755500,107086,1048540,7610,1,0,0,0,0,1048548,0,0,0,2,
baseline_longlived_b1048576_s101,2026-06-19T02:25:21.579247+00:00,1781835796,baseline,1048576,longlived,101,0,oom,1363000,1363000,3786375,108543,1048548,7714,1,0,0,0,0,1048556,0,0,0,2,
baseline_longlived_b1048576_s271,2026-06-19T02:25:21.583407+00:00,1781835796,baseline,1048576,longlived,271,0,oom,1331000,1331000,3895334,103711,1048520,7369,1,0,0,0,0,1048528,0,0,0,2,
baseline_longlived_b1048576_s1009,2026-06-19T02:25:21.587531+00:00,1781835796,baseline,1048576,longlived,1009,0,oom,1356000,1356000,3858167,106050,1048432,7536,1,0,0,0,0,1048440,0,0,0,2,
baseline_longlived_b1048576_s9973,2026-06-19T02:25:21.591475+00:00,1781835796,baseline,1048576,longlived,9973,0,oom,1315000,1315000,3691000,105364,1048488,7487,1,0,0,0,0,1048496,0,0,0,2,
baseline_mutate_b1048576_s1,2026-06-19T02:25:21.603126+00:00,1781835796,baseline,1048576,mutate,1,0,oom,8746000,8746000,11333208,671801,1048344,6640,1,0,0,0,0,1048352,0,0,0,2,
baseline_mutate_b1048576_s7,2026-06-19T02:25:21.618452+00:00,1781835796,baseline,1048576,mutate,7,0,oom,12289000,12289000,14931375,882918,1048328,8232,1,0,0,0,0,1048336,0,0,0,2,
baseline_mutate_b1048576_s13,2026-06-19T02:25:21.634404+00:00,1781835796,baseline,1048576,mutate,13,0,oom,11710000,11710000,15479666,880698,1048352,7771,1,0,0,0,0,1048360,0,0,0,2,
baseline_mutate_b1048576_s42,2026-06-19T02:25:21.649835+00:00,1781835796,baseline,1048576,mutate,42,0,oom,11780000,11780000,15056917,901337,1048544,8063,1,0,0,0,0,1048552,0,0,0,2,
baseline_mutate_b1048576_s101,2026-06-19T02:25:21.665061+00:00,1781835796,baseline,1048576,mutate,101,0,oom,11975000,11975000,14775834,912833,1048488,7701,1,0,0,0,0,1048496,0,0,0,2,
baseline_mutate_b1048576_s271,2026-06-19T02:25:21.683659+00:00,1781835796,baseline,1048576,mutate,271,0,oom,15156000,15155000,18030917,1180148,1048540,8676,1,1000,1000,1000,1000,1048548,0,0,0,2,
baseline_mutate_b1048576_s1009,2026-06-19T02:25:21.698245+00:00,1781835796,baseline,1048576,mutate,1009,0,oom,11105000,11105000,14180292,848152,1048436,7490,1,0,0,0,0,1048444,0,0,0,2,
baseline_mutate_b1048576_s9973,2026-06-19T02:25:21.711710+00:00,1781835796,baseline,1048576,mutate,9973,0,oom,10062000,10062000,12997208,768822,1048492,7102,1,0,0,0,0,1048500,0,0,0,2,
baseline_density_b1048576_s1,2026-06-19T02:25:21.739240+00:00,1781835796,baseline,1048576,density,1,0,oom,24447000,24447000,27097666,2207083,1048500,6860,1,0,0,0,0,1048508,0,0,0,2,
baseline_density_b1048576_s7,2026-06-19T02:25:21.767085+00:00,1781835796,baseline,1048576,density,7,0,oom,24024000,24024000,27350417,2220520,1048472,7648,1,0,0,0,0,1048480,0,0,0,2,
baseline_density_b1048576_s13,2026-06-19T02:25:21.795307+00:00,1781835796,baseline,1048576,density,13,0,oom,24219000,24219000,27690167,2212125,1048440,7113,1,0,0,0,0,1048448,0,0,0,2,
baseline_density_b1048576_s42,2026-06-19T02:25:21.822879+00:00,1781835796,baseline,1048576,density,42,0,oom,24138000,24138000,27119208,2216260,1048556,7356,1,0,0,0,0,1048564,0,0,0,2,
baseline_density_b1048576_s101,2026-06-19T02:25:21.850076+00:00,1781835796,baseline,1048576,density,101,0,oom,23891000,23891000,26760541,2216862,1048512,7460,1,0,0,0,0,1048520,0,0,0,2,
baseline_density_b1048576_s271,2026-06-19T02:25:21.877074+00:00,1781835796,baseline,1048576,density,271,0,oom,23665000,23665000,26591333,2211752,1048512,7115,1,0,0,0,0,1048520,0,0,0,2,
baseline_density_b1048576_s1009,2026-06-19T02:25:21.904878+00:00,1781835796,baseline,1048576,density,1009,0,oom,23883000,23883000,27383416,2215665,1048472,7284,1,0,0,0,0,1048480,0,0,0,2,
baseline_density_b1048576_s9973,2026-06-19T02:25:21.931868+00:00,1781835796,baseline,1048576,density,9973,0,oom,23808000,23808000,26531708,2213156,1048488,7234,1,0,0,0,0,1048496,0,0,0,2,
baseline_churn_b8388608_s1,2026-06-19T02:25:21.947856+00:00,1781835796,baseline,8388608,churn,1,0,ok,12604000,12604000,15576458,921640,7607788,50004,0,0,,,,7607796,0,0,0,1,
baseline_churn_b8388608_s7,2026-06-19T02:25:21.963520+00:00,1781835796,baseline,8388608,churn,7,0,ok,12633000,12633000,15311042,916936,6827820,50004,0,0,,,,6827828,0,0,0,1,
baseline_churn_b8388608_s13,2026-06-19T02:25:21.979466+00:00,1781835796,baseline,8388608,churn,13,0,ok,12667000,12667000,15605625,920476,7337852,50004,0,0,,,,7337860,0,0,0,1,
baseline_churn_b8388608_s42,2026-06-19T02:25:21.995587+00:00,1781835796,baseline,8388608,churn,42,0,ok,12362000,12362000,15766208,911080,7102608,50004,0,0,,,,7102616,0,0,0,1,
baseline_churn_b8388608_s101,2026-06-19T02:25:22.012175+00:00,1781835796,baseline,8388608,churn,101,0,ok,12660000,12660000,16148458,921634,6999912,50004,0,0,,,,6999920,0,0,0,1,
baseline_churn_b8388608_s271,2026-06-19T02:25:22.028384+00:00,1781835796,baseline,8388608,churn,271,0,ok,12736000,12736000,15824833,915784,7332788,50004,0,0,,,,7332796,0,0,0,1,
baseline_churn_b8388608_s1009,2026-06-19T02:25:22.044492+00:00,1781835796,baseline,8388608,churn,1009,0,ok,12528000,12528000,15723834,919294,7171336,50004,0,0,,,,7171344,0,0,0,1,
baseline_churn_b8388608_s9973,2026-06-19T02:25:22.061162+00:00,1781835796,baseline,8388608,churn,9973,0,ok,12522000,12522000,16262500,914602,7219324,50004,0,0,,,,7219332,0,0,0,1,
baseline_longlived_b8388608_s1,2026-06-19T02:25:22.073180+00:00,1781835796,baseline,8388608,longlived,1,0,ok,8575000,8575000,11651209,707894,7648492,50513,0,0,,,,7648500,0,0,0,1,
baseline_longlived_b8388608_s7,2026-06-19T02:25:22.085529+00:00,1781835796,baseline,8388608,longlived,7,0,ok,9109000,9109000,11975666,707894,6864532,50513,0,0,,,,6864540,0,0,0,1,
baseline_longlived_b8388608_s13,2026-06-19T02:25:22.097840+00:00,1781835796,baseline,8388608,longlived,13,0,ok,8745000,8745000,11960000,707894,7377168,50513,0,0,,,,7377176,0,0,0,1,
baseline_longlived_b8388608_s42,2026-06-19T02:25:22.109550+00:00,1781835796,baseline,8388608,longlived,42,0,ok,8552000,8552000,11309541,707894,7140728,50513,0,0,,,,7140736,0,0,0,1,
baseline_longlived_b8388608_s101,2026-06-19T02:25:22.121422+00:00,1781835796,baseline,8388608,longlived,101,0,ok,8709000,8709000,11434042,707894,7037504,50513,0,0,,,,7037512,0,0,0,1,
baseline_longlived_b8388608_s271,2026-06-19T02:25:22.133597+00:00,1781835796,baseline,8388608,longlived,271,0,ok,8904000,8904000,11801000,707894,7372080,50513,0,0,,,,7372088,0,0,0,1,
baseline_longlived_b8388608_s1009,2026-06-19T02:25:22.146848+00:00,1781835796,baseline,8388608,longlived,1009,0,ok,8675000,8675000,12866459,707894,7209808,50513,0,0,,,,7209816,0,0,0,1,
baseline_longlived_b8388608_s9973,2026-06-19T02:25:22.159755+00:00,1781835796,baseline,8388608,longlived,9973,0,ok,8901000,8901000,12527666,707894,7258036,50513,0,0,,,,7258044,0,0,0,1,
baseline_mutate_b8388608_s1,2026-06-19T02:25:22.181416+00:00,1781835796,baseline,8388608,mutate,1,0,ok,18294000,18294000,21214083,1408192,2203596,13736,0,0,,,,2203604,0,0,0,1,
baseline_mutate_b8388608_s7,2026-06-19T02:25:22.203065+00:00,1781835796,baseline,8388608,mutate,7,0,ok,18217000,18217000,21263833,1399590,1664532,12954,0,0,,,,1664540,0,0,0,1,
baseline_mutate_b8388608_s13,2026-06-19T02:25:22.224406+00:00,1781835796,baseline,8388608,mutate,13,0,ok,17800000,17800000,20987792,1391021,1658304,12175,0,0,,,,1658312,0,0,0,1,
baseline_mutate_b8388608_s42,2026-06-19T02:25:22.245594+00:00,1781835796,baseline,8388608,mutate,42,0,ok,17971000,17971000,20866958,1393144,1621680,12368,0,0,,,,1621688,0,0,0,1,
baseline_mutate_b8388608_s101,2026-06-19T02:25:22.266750+00:00,1781835796,baseline,8388608,mutate,101,0,ok,17922000,17922000,20800833,1384575,1591124,11589,0,0,,,,1591132,0,0,0,1,
baseline_mutate_b8388608_s271,2026-06-19T02:25:22.288493+00:00,1781835796,baseline,8388608,mutate,271,0,ok,18047000,18047000,21307500,1367349,1214764,10023,0,0,,,,1214772,0,0,0,1,
baseline_mutate_b8388608_s1009,2026-06-19T02:25:22.310585+00:00,1781835796,baseline,8388608,mutate,1009,0,ok,18615000,18615000,21629291,1390977,1722008,12171,0,0,,,,1722016,0,0,0,1,
baseline_mutate_b8388608_s9973,2026-06-19T02:25:22.332161+00:00,1781835796,baseline,8388608,mutate,9973,0,ok,18400000,18400000,21237875,1397445,1907484,12759,0,0,,,,1907492,0,0,0,1,
baseline_density_b8388608_s1,2026-06-19T02:25:22.510293+00:00,1781835796,baseline,8388608,density,1,0,ok,174721000,174721000,177735958,16050438,7609852,50006,0,0,,,,7609860,0,0,0,1,
baseline_density_b8388608_s7,2026-06-19T02:25:22.673160+00:00,1781835796,baseline,8388608,density,7,0,ok,158129000,158129000,162436750,14492673,6829884,50006,0,0,,,,6829892,0,0,0,1,
baseline_density_b8388608_s13,2026-06-19T02:25:22.846854+00:00,1781835796,baseline,8388608,density,13,0,ok,168348000,168348000,173233125,15517222,7339916,50006,0,0,,,,7339924,0,0,0,1,
baseline_density_b8388608_s42,2026-06-19T02:25:23.016370+00:00,1781835796,baseline,8388608,density,42,0,ok,164696000,164696000,168989458,15045362,7104672,50006,0,0,,,,7104680,0,0,0,1,
baseline_density_b8388608_s101,2026-06-19T02:25:23.184534+00:00,1781835796,baseline,8388608,density,101,0,ok,163769000,163769000,167750125,14832948,7001976,50006,0,0,,,,7001984,0,0,0,1,
baseline_density_b8388608_s271,2026-06-19T02:25:23.359114+00:00,1781835796,baseline,8388608,density,271,0,ok,169852000,169852000,174042833,15503171,7334852,50006,0,0,,,,7334860,0,0,0,1,
baseline_density_b8388608_s1009,2026-06-19T02:25:23.529188+00:00,1781835796,baseline,8388608,density,1009,0,ok,164921000,164921000,169636917,15188109,7173400,50006,0,0,,,,7173408,0,0,0,1,
baseline_density_b8388608_s9973,2026-06-19T02:25:23.701320+00:00,1781835796,baseline,8388608,density,9973,0,ok,167388000,167388000,171632958,15272531,7221388,50006,0,0,,,,7221396,0,0,0,1,
mark_sweep_churn_b16384_s1,2026-06-19T02:25:23.725168+00:00,1781835796,mark_sweep,16384,churn,1,0,ok,18692000,17254000,22654958,921640,7619952,50004,704,1438000,2042.6136363636363,11000,3000,16364,5548,7609092,0,1,
mark_sweep_churn_b16384_s7,2026-06-19T02:25:23.748177+00:00,1781835796,mark_sweep,16384,churn,7,0,ok,17987000,16720000,21662791,916936,6838648,50004,629,1267000,2014.308426073132,13000,3000,16372,5440,6830132,0,1,
mark_sweep_churn_b16384_s13,2026-06-19T02:25:23.771745+00:00,1781835796,mark_sweep,16384,churn,13,0,ok,18973000,17461000,22143709,920476,7351612,50004,697,1512000,2169.296987087518,25000,3000,16384,5620,7344808,0,1,
mark_sweep_churn_b16384_s42,2026-06-19T02:25:23.795096+00:00,1781835796,mark_sweep,16384,churn,42,0,ok,17811000,16676000,20966625,911080,7109720,50004,607,1135000,1869.851729818781,28000,3000,16384,4644,7104248,0,1,
mark_sweep_churn_b16384_s101,2026-06-19T02:25:23.819685+00:00,1781835796,mark_sweep,16384,churn,101,0,ok,18268000,16942000,22771708,921634,7013600,50004,667,1326000,1988.0059970014993,8000,3000,16384,5832,7003568,0,1,
mark_sweep_churn_b16384_s271,2026-06-19T02:25:23.842598+00:00,1781835796,mark_sweep,16384,churn,271,0,ok,17696000,16479000,21675750,915784,7342024,50004,635,1217000,1916.5354330708662,15000,3000,16380,4796,7331428,0,1,
mark_sweep_churn_b16384_s1009,2026-06-19T02:25:23.864975+00:00,1781835796,mark_sweep,16384,churn,1009,0,ok,18224000,16892000,21150833,919294,7184312,50004,657,1332000,2027.3972602739725,5000,3000,16376,5328,7175988,0,1,
mark_sweep_churn_b16384_s9973,2026-06-19T02:25:23.894488+00:00,1781835796,mark_sweep,16384,churn,9973,0,ok,21804000,20333000,28231459,914602,7229408,50004,650,1471000,2263.076923076923,36000,10000,16380,5180,7216044,0,1,
mark_sweep_longlived_b16384_s1,2026-06-19T02:25:23.898531+00:00,1781835796,mark_sweep,16384,longlived,1,0,oom,72000,68000,3474042,3578,16332,184,1,4000,4000,4000,4000,16340,16332,0,0,2,
mark_sweep_longlived_b16384_s7,2026-06-19T02:25:23.902448+00:00,1781835796,mark_sweep,16384,longlived,7,0,oom,78000,72000,3514041,3903,16212,210,1,6000,6000,6000,6000,16220,16212,0,0,2,
mark_sweep_longlived_b16384_s13,2026-06-19T02:25:23.905616+00:00,1781835796,mark_sweep,16384,longlived,13,0,oom,71000,67000,2742334,3528,16244,180,1,4000,4000,4000,4000,16252,16244,0,0,2,
mark_sweep_longlived_b16384_s42,2026-06-19T02:25:23.908747+00:00,1781835796,mark_sweep,16384,longlived,42,0,oom,76000,70000,2789333,3878,16320,208,1,6000,6000,6000,6000,16328,16320,0,0,2,
mark_sweep_longlived_b16384_s101,2026-06-19T02:25:23.913803+00:00,1781835796,mark_sweep,16384,longlived,101,0,oom,75000,70000,4352459,3803,16312,202,1,5000,5000,5000,5000,16320,16312,0,0,2,
mark_sweep_longlived_b16384_s271,2026-06-19T02:25:23.917029+00:00,1781835796,mark_sweep,16384,longlived,271,0,oom,69000,64000,2790750,3578,16356,184,1,5000,5000,5000,5000,16364,16356,0,0,2,
mark_sweep_longlived_b16384_s1009,2026-06-19T02:25:23.920138+00:00,1781835796,mark_sweep,16384,longlived,1009,0,oom,71000,66000,2714625,3753,16256,198,1,5000,5000,5000,5000,16264,16256,0,0,2,
mark_sweep_longlived_b16384_s9973,2026-06-19T02:25:23.923245+00:00,1781835796,mark_sweep,16384,longlived,9973,0,oom,73000,68000,2769750,3653,16228,190,1,5000,5000,5000,5000,16236,16228,0,0,2,
mark_sweep_mutate_b16384_s1,2026-06-19T02:25:23.926682+00:00,1781835796,mark_sweep,16384,mutate,1,0,oom,244000,210000,3135625,14532,17204,308,3,34000,11333.333333333334,12000,12000,16376,16284,920,0,2,
mark_sweep_mutate_b16384_s7,2026-06-19T02:25:23.930001+00:00,1781835796,mark_sweep,16384,mutate,7,0,oom,273000,241000,2886084,16475,16980,321,3,32000,10666.666666666666,12000,12000,16308,15988,992,0,2,
mark_sweep_mutate_b16384_s13,2026-06-19T02:25:23.933969+00:00,1781835796,mark_sweep,16384,mutate,13,0,oom,267000,234000,3586917,16506,16936,317,3,33000,11000,12000,12000,16304,15776,1160,0,2,
mark_sweep_mutate_b16384_s42,2026-06-19T02:25:23.937911+00:00,1781835796,mark_sweep,16384,mutate,42,0,oom,289000,235000,3576917,16650,17248,321,5,54000,10800,12000,12000,16324,16208,1040,0,2,
mark_sweep_mutate_b16384_s101,2026-06-19T02:25:23.941408+00:00,1781835796,mark_sweep,16384,mutate,101,0,oom,259000,229000,3141500,16717,17136,318,3,30000,10000,11000,11000,16312,16044,1092,0,2,
mark_sweep_mutate_b16384_s271,2026-06-19T02:25:23.945523+00:00,1781835796,mark_sweep,16384,mutate,271,0,oom,632000,466000,3665167,33477,30036,430,15,166000,11066.666666666666,20000,20000,16340,15236,14948,0,2,
mark_sweep_mutate_b16384_s1009,2026-06-19T02:25:23.948900+00:00,1781835796,mark_sweep,16384,mutate,1009,0,oom,247000,224000,2985875,15651,16736,312,2,23000,11500,12000,12000,16352,16276,460,0,2,
mark_sweep_mutate_b16384_s9973,2026-06-19T02:25:23.951907+00:00,1781835796,mark_sweep,16384,mutate,9973,0,oom,225000,203000,2688583,14868,16596,309,2,22000,11000,12000,12000,16364,15968,628,0,2,
mark_sweep_density_b16384_s1,2026-06-19T02:25:24.138387+00:00,1781835796,mark_sweep,16384,density,1,0,ok,182264000,179954000,185217042,16050438,7620504,50006,817,2310000,2827.4173806609547,58000,7000,16384,6976,7609492,0,1,
mark_sweep_density_b16384_s7,2026-06-19T02:25:24.307393+00:00,1781835796,mark_sweep,16384,density,7,0,ok,163164000,161239000,167478334,14492673,6842588,50006,760,1925000,2532.8947368421054,14000,6000,16380,7348,6832260,0,1,
mark_sweep_density_b16384_s13,2026-06-19T02:25:24.489045+00:00,1781835796,mark_sweep,16384,density,13,0,ok,175680000,172704000,180073417,15517222,7353856,50006,880,2976000,3381.818181818182,16000,6000,16376,7848,7340368,0,1,
mark_sweep_density_b16384_s42,2026-06-19T02:25:24.663363+00:00,1781835796,mark_sweep,16384,density,42,0,ok,168464000,166028000,172672583,15045362,7118364,50006,835,2436000,2917.365269461078,14000,5000,16376,7736,7105196,0,1,
mark_sweep_density_b16384_s101,2026-06-19T02:25:24.832852+00:00,1781835796,mark_sweep,16384,density,101,0,ok,163957000,162377000,168068583,14832948,7012104,50006,726,1580000,2176.3085399449037,8000,4000,16384,6688,7001620,0,1,
mark_sweep_density_b16384_s271,2026-06-19T02:25:25.010633+00:00,1781835796,mark_sweep,16384,density,271,0,ok,172059000,170208000,176302166,15503171,7347192,50006,815,1851000,2271.165644171779,8000,3000,16368,7256,7333264,0,1,
mark_sweep_density_b16384_s1009,2026-06-19T02:25:25.187755+00:00,1781835796,mark_sweep,16384,density,1009,0,ok,171108000,168186000,175519542,15188109,7189444,50006,888,2922000,3290.5405405405404,13000,5000,16360,8128,7180540,0,1,
mark_sweep_density_b16384_s9973,2026-06-19T02:25:25.364137+00:00,1781835796,mark_sweep,16384,density,9973,0,ok,170508000,168516000,174793333,15272531,7231696,50006,756,1992000,2634.9206349206347,8000,4000,16372,6740,7219352,0,1,
mark_sweep_churn_b32768_s1,2026-06-19T02:25:25.387054+00:00,1781835796,mark_sweep,32768,churn,1,0,ok,17855000,17068000,22027584,921640,7615072,50004,278,787000,2830.9352517985612,10000,4000,32768,5540,7592148,0,1,
mark_sweep_churn_b32768_s7,2026-06-19T02:25:25.408759+00:00,1781835796,mark_sweep,32768,churn,7,0,ok,17980000,17233000,20901791,916936,6833284,50004,250,747000,2988,4000,4000,32752,5444,6820600,0,1,
mark_sweep_churn_b32768_s13,2026-06-19T02:25:25.431052+00:00,1781835796,mark_sweep,32768,churn,13,0,ok,17949000,17154000,21453833,920476,7345460,50004,271,795000,2933.579335793358,5000,4000,32768,5616,7339160,0,1,
mark_sweep_churn_b32768_s42,2026-06-19T02:25:25.452407+00:00,1781835796,mark_sweep,32768,churn,42,0,ok,17693000,16990000,20602458,911080,7106464,50004,252,703000,2789.6825396825398,12000,7000,32760,4644,7082372,0,1,
mark_sweep_churn_b32768_s101,2026-06-19T02:25:25.473967+00:00,1781835796,mark_sweep,32768,churn,101,0,ok,17837000,17081000,20817125,921634,7007140,50004,260,756000,2907.6923076923076,8000,4000,32748,5852,6996552,0,1,
mark_sweep_churn_b32768_s271,2026-06-19T02:25:25.495255+00:00,1781835796,mark_sweep,32768,churn,271,0,ok,17734000,16997000,20594875,915784,7337440,50004,262,737000,2812.977099236641,5000,4000,32752,4776,7326576,0,1,
mark_sweep_churn_b32768_s1009,2026-06-19T02:25:25.516741+00:00,1781835796,mark_sweep,32768,churn,1009,0,ok,17894000,17125000,20699666,919294,7178120,50004,261,769000,2946.360153256705,5000,5000,32768,5324,7145608,0,1,
mark_sweep_churn_b32768_s9973,2026-06-19T02:25:25.538546+00:00,1781835796,mark_sweep,32768,churn,9973,0,ok,17722000,16990000,20980917,914602,7224336,50004,262,732000,2793.8931297709923,8000,4000,32756,5184,7214900,0,1,
mark_sweep_longlived_b32768_s1,2026-06-19T02:25:25.541927+00:00,1781835796,mark_sweep,32768,longlived,1,0,oom,104000,95000,2923083,5903,32720,370,1,9000,9000,9000,9000,32728,32720,0,0,2,
mark_sweep_longlived_b32768_s7,2026-06-19T02:25:25.544709+00:00,1781835796,mark_sweep,32768,longlived,7,0,oom,116000,105000,2492792,6553,32752,422,1,11000,11000,11000,11000,32760,32752,0,0,2,
mark_sweep_longlived_b32768_s13,2026-06-19T02:25:25.547452+00:00,1781835796,mark_sweep,32768,longlived,13,0,oom,112000,101000,2433250,6078,32752,384,1,11000,11000,11000,11000,32760,32752,0,0,2,
mark_sweep_longlived_b32768_s42,2026-06-19T02:25:25.550174+00:00,1781835796,mark_sweep,32768,longlived,42,0,oom,112000,101000,2420209,6353,32680,406,1,11000,11000,11000,11000,32688,32680,0,0,2,
mark_sweep_longlived_b32768_s101,2026-06-19T02:25:25.552882+00:00,1781835796,mark_sweep,32768,longlived,101,0,oom,115000,104000,2411250,6303,32684,402,1,11000,11000,11000,11000,32692,32684,0,0,2,
mark_sweep_longlived_b32768_s271,2026-06-19T02:25:25.555552+00:00,1781835796,mark_sweep,32768,longlived,271,0,oom,110000,100000,2407416,6028,32748,380,1,10000,10000,10000,10000,32756,32748,0,0,2,
mark_sweep_longlived_b32768_s1009,2026-06-19T02:25:25.558103+00:00,1781835796,mark_sweep,32768,longlived,1009,0,oom,108000,98000,2264375,6203,32656,394,1,10000,10000,10000,10000,32664,32656,0,0,2,
mark_sweep_longlived_b32768_s9973,2026-06-19T02:25:25.560972+00:00,1781835796,mark_sweep,32768,longlived,9973,0,oom,135000,124000,2605583,6178,32532,392,1,11000,11000,11000,11000,32540,32532,0,0,2,
mark_sweep_mutate_b32768_s1,2026-06-19T02:25:25.585775+00:00,1781835796,mark_sweep,32768,mutate,1,0,ok,21419000,19624000,24181042,1408192,2207068,13736,164,1795000,10945.121951219513,19000,15000,32744,19420,2178460,0,1,
mark_sweep_mutate_b32768_s7,2026-06-19T02:25:25.611440+00:00,1781835796,mark_sweep,32768,mutate,7,0,ok,20718000,19607000,24982458,1399590,1665688,12954,101,1111000,11000,18000,17000,32760,16640,1639924,0,1,
mark_sweep_mutate_b32768_s13,2026-06-19T02:25:25.635380+00:00,1781835796,mark_sweep,32768,mutate,13,0,ok,20396000,19306000,23297625,1391021,1659588,12175,101,1090000,10792.079207920791,18000,14000,32752,16704,1632568,0,1,
mark_sweep_mutate_b32768_s42,2026-06-19T02:25:25.659273+00:00,1781835796,mark_sweep,32768,mutate,42,0,ok,20483000,19400000,23265458,1393144,1623312,12368,99,1083000,10939.39393939394,23000,23000,32768,16696,1599900,0,1,
mark_sweep_mutate_b32768_s101,2026-06-19T02:25:25.682721+00:00,1781835796,mark_sweep,32768,mutate,101,0,ok,20068000,19082000,22887584,1384575,1592240,11589,97,986000,10164.948453608247,15000,15000,32632,16272,1572116,0,1,
mark_sweep_mutate_b32768_s271,2026-06-19T02:25:25.706169+00:00,1781835796,mark_sweep,32768,mutate,271,0,ok,19887000,19133000,22919541,1367349,1215260,10023,67,754000,11253.731343283582,16000,16000,32764,15216,1182668,0,1,
mark_sweep_mutate_b32768_s1009,2026-06-19T02:25:25.731220+00:00,1781835796,mark_sweep,32768,mutate,1009,0,ok,20839000,19623000,24524375,1390977,1722764,12171,111,1216000,10954.954954954956,20000,16000,32768,17552,1697628,0,1,
mark_sweep_mutate_b32768_s9973,2026-06-19T02:25:25.755657+00:00,1781835796,mark_sweep,32768,mutate,9973,0,ok,20919000,19531000,23881375,1397445,1909768,12759,125,1388000,11104,24000,20000,32768,17724,1890500,0,1,
mark_sweep_density_b32768_s1,2026-06-19T02:25:25.949213+00:00,1781835796,mark_sweep,32768,density,1,0,ok,189365000,188245000,192715166,16050438,7615216,50006,295,1120000,3796.6101694915255,8000,6000,32756,6976,7598520,0,1,
mark_sweep_density_b32768_s7,2026-06-19T02:25:26.134292+00:00,1781835796,mark_sweep,32768,density,7,0,ok,179408000,178289000,183960417,14492673,6835748,50006,268,1119000,4175.373134328358,19000,12000,32768,7284,6818028,0,1,
mark_sweep_density_b32768_s13,2026-06-19T02:25:26.324510+00:00,1781835796,mark_sweep,32768,density,13,0,ok,183734000,182335000,188780166,15517222,7347736,50006,295,1399000,4742.372881355932,16000,11000,32768,7840,7328148,0,1,
